Pair	Mutation	Hap1 length	Hap2 length	Total length	Mutated allele length	VNTR coverage	VNtyper confidence
pair_4080	delGCCCA	76	37	113	76.0	371.85	Negative
pair_4081	delGCCCA	43	111	154	111.0	317.6	Negative
pair_4086	delGCCCA	89	81	170	89.0	375.76	Negative
pair_4022	delinsAT	45	77	122	77.0	372.8	Negative
pair_4020	delinsAT	65	77	142	77.0	338.15	Negative
pair_4014	dupA	76	38	114	76.0	356.42	Negative
pair_4013	dupA	60	77	137	60.0	370.89	Negative
pair_4016	dupA	62	76	138	76.0	380.14	Negative
pair_4019	dupA	56	98	154	98.0	365.66	Negative
pair_3068	dupC	43	82	125	82.0	367.8	Negative
pair_3041	dupC	66	61	127	61.0	395.02	Negative
pair_3090	dupC	88	66	154	88.0	349.44	Negative
pair_3002	dupC	72	96	168	96.0	377.91	Negative
pair_3014	dupC	87	82	169	82.0	370.9	Negative
pair_3081	dupC	114	75	189	75.0	371.49	Negative
pair_4091	ins25bp	62	96	158	96.0	374.69	Negative
pair_4070	insA_pos54	71	51	122	71.0	357.12	Negative
pair_4078	insA_pos54	92	47	139	92.0	360.91	Negative
pair_4073	insA_pos54	86	57	143	86.0	358.46	Negative
pair_4075	insA_pos54	90	68	158	68.0	362.15	Negative
pair_4074	insA_pos54	104	88	192	104.0	369.14	Negative
pair_4076	insA_pos54	85	110	195	85.0	372.19	Negative
pair_4045	insC_pos23	38	52	90	52.0	354.16	Negative
pair_4046	insC_pos23	44	52	96	52.0	360.76	Negative
pair_4040	insC_pos23	95	75	170	75.0	372.55	Negative
pair_4005	insG	100	39	139	100.0	365.3	Negative
pair_4058	insG_pos58	84	38	122	84.0	337.08	Negative
