Sample,Motif,Variant,POS,REF,ALT,Motif_sequence,Estimated_Depth_AlternateVariant,Estimated_Depth_Variant_ActiveRegion,Depth_Score,Confidence,Flag
10265_S5,None,None,None,None,None,None,None,None,None,Negative,NaN
S000021_S11409Nr2,None,None,None,None,None,None,None,None,None,Negative,NaN
S000021_S10296Nr4,None,None,None,None,None,None,None,None,None,Negative,NaN
S000021_S14034Nr2,None,None,None,None,None,None,None,None,None,Negative,NaN
10493_S2,None,None,None,None,None,None,None,None,None,Negative,NaN
S000021_S6265Nr1,None,None,None,None,None,None,None,None,None,Negative,NaN
S000021_S11700Nr2,None,None,None,None,None,None,None,None,None,Negative,NaN
S000021_S12225Nr2,None,None,None,None,None,None,None,None,None,Negative,NaN
S000021_S3913Nr1,None,None,None,None,None,None,None,None,None,Negative,NaN
S000021_S6113Nr71,None,None,None,None,None,None,None,None,None,Negative,NaN
S000021_S13619Nr2,None,None,None,None,None,None,None,None,None,Negative,NaN
S000021_S6265Nr53,None,None,None,None,None,None,None,None,None,Negative,NaN
S000021_S13821Nr2,None,None,None,None,None,None,None,None,None,Negative,NaN
11076_S88,None,None,None,None,None,None,None,None,None,Negative,NaN
S000021_S5041Nr55,None,None,None,None,None,None,None,None,None,Negative,NaN
S000021_S5041Nr14,None,None,None,None,None,None,None,None,None,Negative,NaN
S000021_S9786Nr6,None,None,None,None,None,None,None,None,None,Negative,NaN
S000021_S5041Nr77,None,None,None,None,None,None,None,None,None,Negative,NaN
S000021_S12358Nr2,None,None,None,None,None,None,None,None,None,Negative,NaN
S000021_S6265Nr46,None,None,None,None,None,None,None,None,None,Negative,NaN
S000021_S10486Nr5,None,None,None,None,None,None,None,None,None,Negative,NaN
S000021_S10296Nr5,None,None,None,None,None,None,None,None,None,Negative,NaN
S000021_S13433Nr1,None,None,None,None,None,None,None,None,None,Negative,NaN
S000021_S9670Nr1,None,None,None,None,None,None,None,None,None,Negative,NaN
S000021_S5041Nr34,None,None,None,None,None,None,None,None,None,Negative,NaN
11030_S52,None,None,None,None,None,None,None,None,None,Negative,NaN
S000021_S6116Nr2,None,None,None,None,None,None,None,None,None,Negative,NaN
10945_S8,None,None,None,None,None,None,None,None,None,Negative,NaN
S000021_S5939Nr1,None,None,None,None,None,None,None,None,None,Negative,NaN
10942_S81,None,None,None,None,None,None,None,None,None,Negative,NaN
S000021_S6716Nr26,None,None,None,None,None,None,None,None,None,Negative,NaN
11013_S42,None,None,None,None,None,None,None,None,None,Negative,NaN
S000021_S6716Nr45,None,None,None,None,None,None,None,None,None,Negative,NaN
S000021_S10486Nr3,None,None,None,None,None,None,None,None,None,Negative,NaN
10954_S41,None,None,None,None,None,None,None,None,None,Negative,NaN
S000021_S11068Nr2,None,None,None,None,None,None,None,None,None,Negative,NaN
S000021_S14276Nr1,None,None,None,None,None,None,None,None,None,Negative,NaN
S000021_S15544Nr1,D,Insertion,88,C,CGGCA,CGGGGCCGGGGTGGAGCCCGGGGCCGGCCTGGTGTCCGGGGCCGAGGTGACACCGTGGGCTGGGGGGGCGGTGGAGCCCGGGGCGGGCCTGGTGTCCGGGGCCGAGGTGACACCGTGGGC,13,5234,0.002483760030569354,Low_Precision,False_Positive_4bp_Insertion
S000021_S6716Nr33,None,None,None,None,None,None,None,None,None,Negative,NaN
S000021_S6716Nr10,None,None,None,None,None,None,None,None,None,Negative,NaN
S000021_S14460Nr3,None,None,None,None,None,None,None,None,None,Negative,NaN
10949_S64,None,None,None,None,None,None,None,None,None,Negative,NaN
S000021_S9786Nr2,None,None,None,None,None,None,None,None,None,Negative,NaN
28138_S2,None,None,None,None,None,None,None,None,None,Negative,NaN
S000021_S6113Nr59,None,None,None,None,None,None,None,None,None,Negative,NaN
S000021_S6113Nr68,None,None,None,None,None,None,None,None,None,Negative,NaN
S000021_S9552Nr4,None,None,None,None,None,None,None,None,None,Negative,NaN
S000021_S6265Nr4,None,None,None,None,None,None,None,None,None,Negative,NaN
S000021_S9552Nr1,None,None,None,None,None,None,None,None,None,Negative,NaN
S000021_S9609Nr6,None,None,None,None,None,None,None,None,None,Negative,NaN
10928_S82,None,None,None,None,None,None,None,None,None,Negative,NaN
10807_S20,None,None,None,None,None,None,None,None,None,Negative,NaN
S000021_S3491Nr1,None,None,None,None,None,None,None,None,None,Negative,NaN
S000021_S6113Nr51,None,None,None,None,None,None,None,None,None,Negative,NaN
S000021_S6113Nr31,None,None,None,None,None,None,None,None,None,Negative,NaN
S000021_S6716Nr27,None,None,None,None,None,None,None,None,None,Negative,NaN
S000021_S10158Nr2,None,None,None,None,None,None,None,None,None,Negative,NaN
S000021_S7099Nr1,W,Insertion,67,G,GG,TGGGGGGGCGGTGGAGCCCGGGGCCGGCCTGGTGTCCGGGGCCGAGGTGACACTGTGGGCCGGGGGGGCGGTGGAGCCCGGGGCCGGCCTGGTGTCCGGGGCCGAGGTGACACCGTGGGC,168,11174,0.015034902452120994,High_Precision*,Not flagged
S000021_S6716Nr28,None,None,None,None,None,None,None,None,None,Negative,NaN
S000021_S13821Nr4,None,None,None,None,None,None,None,None,None,Negative,NaN
S000021_S9349Nr5,None,None,None,None,None,None,None,None,None,Negative,NaN
S000021_S10296Nr1,None,None,None,None,None,None,None,None,None,Negative,NaN
10665_S34,None,None,None,None,None,None,None,None,None,Negative,NaN
10262_S91,None,None,None,None,None,None,None,None,None,Negative,NaN
S000021_S9786Nr27,None,None,None,None,None,None,None,None,None,Negative,NaN
11035_S92,None,None,None,None,None,None,None,None,None,Negative,NaN
S000021_S2973Nr3,None,None,None,None,None,None,None,None,None,Negative,NaN
S000021_S12412Nr3,None,None,None,None,None,None,None,None,None,Negative,NaN
S000021_S15013Nr2,None,None,None,None,None,None,None,None,None,Negative,NaN
8179_S57,None,None,None,None,None,None,None,None,None,Negative,NaN
10627_S31,None,None,None,None,None,None,None,None,None,Negative,NaN
S000021_S11643Nr2,None,None,None,None,None,None,None,None,None,Negative,NaN
S000021_S9089Nr1,None,None,None,None,None,None,None,None,None,Negative,NaN
10921_S77,None,None,None,None,None,None,None,None,None,Negative,NaN
S000021_S7518Nr4,None,None,None,None,None,None,None,None,None,Negative,NaN
S000021_S12235Nr3,None,None,None,None,None,None,None,None,None,Negative,NaN
10811_S24,None,None,None,None,None,None,None,None,None,Negative,NaN
11190_S95,None,None,None,None,None,None,None,None,None,Negative,NaN
S000021_S7518Nr1,None,None,None,None,None,None,None,None,None,Negative,NaN
S000021_S8252Nr1,None,None,None,None,None,None,None,None,None,Negative,NaN
11024_S49,None,None,None,None,None,None,None,None,None,Negative,NaN
S000021_S5041Nr73,None,None,None,None,None,None,None,None,None,Negative,NaN
S000021_S8967Nr8,None,None,None,None,None,None,None,None,None,Negative,NaN
S000021_S5041Nr15,None,None,None,None,None,None,None,None,None,Negative,NaN
S000021_S9089Nr8,None,None,None,None,None,None,None,None,None,Negative,NaN
28179_S16,None,None,None,None,None,None,None,None,None,Negative,NaN
S000021_S7387Nr1,None,None,None,None,None,None,None,None,None,Negative,NaN
S000021_S6265Nr30,None,None,None,None,None,None,None,None,None,Negative,NaN
S000021_S11353Nr3,None,None,None,None,None,None,None,None,None,Negative,NaN
S000021_S10522Nr3,None,None,None,None,None,None,None,None,None,Negative,NaN
S000021_S9736Nr1,None,None,None,None,None,None,None,None,None,Negative,NaN
S000021_S6265Nr5,None,None,None,None,None,None,None,None,None,Negative,NaN
S000021_S8967Nr2,None,None,None,None,None,None,None,None,None,Negative,NaN
S000021_S10233Nr2,None,None,None,None,None,None,None,None,None,Negative,NaN
S000021_S15238Nr1,8,Insertion,70,C,CGGCA,CGGGGCCGGCCTGGTGTCCGGGGCCGAGGTGACACCGTGGGCTGGGGGGGCGGTGGAGCCCAAGGCGGGCCTGTTGTCCGGGGCCGAGGTGACACCATGGGCTGGGGGGGCGGTGGAGCC,8,3894,0.002054442732408834,Low_Precision,"False_Positive_4bp_Insertion, Low_Depth_Conserved_Motifs"
10427_S51,None,None,None,None,None,None,None,None,None,Negative,NaN
S000021_S4296Nr2,None,None,None,None,None,None,None,None,None,Negative,NaN
S000021_S6265Nr27,None,None,None,None,None,None,None,None,None,Negative,NaN
S000021_S6716Nr41,None,None,None,None,None,None,None,None,None,Negative,NaN
S000021_S6113Nr54,None,None,None,None,None,None,None,None,None,Negative,NaN
S000021_S6113Nr8,None,None,None,None,None,None,None,None,None,Negative,NaN
S000021_S9089Nr11,None,None,None,None,None,None,None,None,None,Negative,NaN
S000021_S6716Nr57,None,None,None,None,None,None,None,None,None,Negative,NaN
11249_S22,None,None,None,None,None,None,None,None,None,Negative,NaN
S000021_S6513Nr1,None,None,None,None,None,None,None,None,None,Negative,NaN
S000021_S12235Nr2,None,None,None,None,None,None,None,None,None,Negative,NaN
S000021_S5513Nr1,None,None,None,None,None,None,None,None,None,Negative,NaN
S000021_S9349Nr7,None,None,None,None,None,None,None,None,None,Negative,NaN
28127_S22,None,None,None,None,None,None,None,None,None,Negative,NaN
S000021_S13821Nr3,None,None,None,None,None,None,None,None,None,Negative,NaN
S000021_S7414Nr1,None,None,None,None,None,None,None,None,None,Negative,NaN
S000021_S9457Nr6,None,None,None,None,None,None,None,None,None,Negative,NaN
S000021_S3511Nr1,None,None,None,None,None,None,None,None,None,Negative,NaN
10219_S66,None,None,None,None,None,None,None,None,None,Negative,NaN
S000021_S6716Nr29,None,None,None,None,None,None,None,None,None,Negative,NaN
S000021_S6716Nr47,None,None,None,None,None,None,None,None,None,Negative,NaN
S000021_S6513Nr2,None,None,None,None,None,None,None,None,None,Negative,NaN
S000021_S9786Nr20,None,None,None,None,None,None,None,None,None,Negative,NaN
S000021_S9140Nr4,None,None,None,None,None,None,None,None,None,Negative,NaN
S000021_S11525Nr4,None,None,None,None,None,None,None,None,None,Negative,NaN
S000021_S5041Nr36,None,None,None,None,None,None,None,None,None,Negative,NaN
S000021_S6915Nr1,None,None,None,None,None,None,None,None,None,Negative,NaN
S000021_S7518Nr8,None,None,None,None,None,None,None,None,None,Negative,NaN
S000021_S9786Nr5,None,None,None,None,None,None,None,None,None,Negative,NaN
S000021_S10158Nr4,None,None,None,None,None,None,None,None,None,Negative,NaN
10852_S5,None,None,None,None,None,None,None,None,None,Negative,NaN
S000021_S6265Nr23,None,None,None,None,None,None,None,None,None,Negative,NaN
10995_S32,None,None,None,None,None,None,None,None,None,Negative,NaN
10309_S33,None,None,None,None,None,None,None,None,None,Negative,NaN
S000021_S6716Nr14,None,None,None,None,None,None,None,None,None,Negative,NaN
S000021_S6716Nr22,None,None,None,None,None,None,None,None,None,Negative,NaN
10903_S26,None,None,None,None,None,None,None,None,None,Negative,NaN
10664_S22,None,None,None,None,None,None,None,None,None,Negative,NaN
S000021_S8418Nr4,None,None,None,None,None,None,None,None,None,Negative,NaN
S000021_S3344Nr3,D,Insertion,88,C,CGGCA,TGCGGGCGCGGTGGAGCCCGGGGCCGGCCTGCTCTCCGGTGCCGAGGTGACACCGTGGGCTGGGGGGGCGGTGGAGCCCGGGGCGGGCCTGGTGTCCGGGGCCGAGGTGACACCGTGGGC,5,12000,0.0004166666666666667,Low_Precision,False_Positive_4bp_Insertion
S000021_S6716Nr15,None,None,None,None,None,None,None,None,None,Negative,NaN
S000021_S8967Nr9,None,None,None,None,None,None,None,None,None,Negative,NaN
10648_S81,None,None,None,None,None,None,None,None,None,Negative,NaN
S000021_S12887Nr1,None,None,None,None,None,None,None,None,None,Negative,NaN
S000021_S3511Nr2,None,None,None,None,None,None,None,None,None,Negative,NaN
S000021_S6804Nr1,None,None,None,None,None,None,None,None,None,Negative,NaN
S000021_S6265Nr22,None,None,None,None,None,None,None,None,None,Negative,NaN
10663_S53,None,None,None,None,None,None,None,None,None,Negative,NaN
S000021_S6113Nr18,None,None,None,None,None,None,None,None,None,Negative,NaN
S000021_S5041Nr29,None,None,None,None,None,None,None,None,None,Negative,NaN
S000021_S5041Nr70,None,None,None,None,None,None,None,None,None,Negative,NaN
S000021_S6265Nr19,None,None,None,None,None,None,None,None,None,Negative,NaN
S000021_S6716Nr34,None,None,None,None,None,None,None,None,None,Negative,NaN
8193_S75,None,None,None,None,None,None,None,None,None,Negative,NaN
S000021_S5041Nr32,None,None,None,None,None,None,None,None,None,Negative,NaN
S000021_S9786Nr11,None,None,None,None,None,None,None,None,None,Negative,NaN
S000021_S3673Nr5,None,None,None,None,None,None,None,None,None,Negative,NaN
S000021_S5328Nr1,None,None,None,None,None,None,None,None,None,Negative,NaN
S000021_S6203Nr2,None,None,None,None,None,None,None,None,None,Negative,NaN
S000021_S5041Nr42,None,None,None,None,None,None,None,None,None,Negative,NaN
S000021_S11750Nr1,None,None,None,None,None,None,None,None,None,Negative,NaN
S000021_S8912Nr4,None,None,None,None,None,None,None,None,None,Negative,NaN
10994_S31,None,None,None,None,None,None,None,None,None,Negative,NaN
S000021_S9140Nr1,None,None,None,None,None,None,None,None,None,Negative,NaN
10919_S28,None,None,None,None,None,None,None,None,None,Negative,NaN
S000021_S6113Nr53,None,None,None,None,None,None,None,None,None,Negative,NaN
S000021_S9089Nr4,None,None,None,None,None,None,None,None,None,Negative,NaN
S000021_S6716Nr19,None,None,None,None,None,None,None,None,None,Negative,NaN
10359_S32,None,None,None,None,None,None,None,None,None,Negative,NaN
S000021_S6716Nr23,None,None,None,None,None,None,None,None,None,Negative,NaN
10936_S61,None,None,None,None,None,None,None,None,None,Negative,NaN
S000021_S6716Nr49,None,None,None,None,None,None,None,None,None,Negative,NaN
S000021_S6716Nr8,None,None,None,None,None,None,None,None,None,Negative,NaN
10471_S78,None,None,None,None,None,None,None,None,None,Negative,NaN
10653_S37,None,None,None,None,None,None,None,None,None,Negative,NaN
S000021_S8130Nr2,None,None,None,None,None,None,None,None,None,Negative,NaN
S000021_S5041Nr17,D,Insertion,88,C,CGGCA,TGGGGCGGCGGTGGAGCCCGGGGCCGGCCTGGTGTCCGGGGCTGAGGTGACACCGTGGGCTGGGGGGGCGGTGGAGCCCGGGGCGGGCCTGGTGTCCGGGGCCGAGGTGACACCGTGGGC,10,22390,0.00044662795891022776,Low_Precision,False_Positive_4bp_Insertion
11023_S47,None,None,None,None,None,None,None,None,None,Negative,NaN
S000021_S5041Nr63,None,None,None,None,None,None,None,None,None,Negative,NaN
S000021_S5988Nr1,None,None,None,None,None,None,None,None,None,Negative,NaN
S000021_S9457Nr7,None,None,None,None,None,None,None,None,None,Negative,NaN
S000021_S3491Nr2,None,None,None,None,None,None,None,None,None,Negative,NaN
S000021_S8912Nr5,None,None,None,None,None,None,None,None,None,Negative,NaN
S000021_S5041Nr21,None,None,None,None,None,None,None,None,None,Negative,NaN
S000021_S8130Nr3,None,None,None,None,None,None,None,None,None,Negative,NaN
S000021_S5041Nr26,None,None,None,None,None,None,None,None,None,Negative,NaN
S000021_S6113Nr36,None,None,None,None,None,None,None,None,None,Negative,NaN
S000021_S6716Nr55,None,None,None,None,None,None,None,None,None,Negative,NaN
10861_S43,None,None,None,None,None,None,None,None,None,Negative,NaN
S000021_S3344Nr4,None,None,None,None,None,None,None,None,None,Negative,NaN
11031_S96,None,None,None,None,None,None,None,None,None,Negative,NaN
11248_S94,None,None,None,None,None,None,None,None,None,Negative,NaN
8175_S66,None,None,None,None,None,None,None,None,None,Negative,NaN
S000021_S7518Nr2,None,None,None,None,None,None,None,None,None,Negative,NaN
S000021_S3673Nr7,None,None,None,None,None,None,None,None,None,Negative,NaN
S000021_S6265Nr40,None,None,None,None,None,None,None,None,None,Negative,NaN
S000021_S12160Nr1,None,None,None,None,None,None,None,None,None,Negative,NaN
8197_S60,None,None,None,None,None,None,None,None,None,Negative,NaN
S000021_S6265Nr25,None,None,None,None,None,None,None,None,None,Negative,NaN
S000021_S6113Nr70,None,None,None,None,None,None,None,None,None,Negative,NaN
S000021_S12928Nr1,None,None,None,None,None,None,None,None,None,Negative,NaN
S000021_S6265Nr57,None,None,None,None,None,None,None,None,None,Negative,NaN
S000021_S11310Nr5,None,None,None,None,None,None,None,None,None,Negative,NaN
S000021_S11716Nr1,A,Insertion,42,C,CTGGTGTCCGGGGCCTGGTGTCCGGGGCC,TGCGGGCGCGGTGGAGCCCGGGGCCGGCCTGCTCTCCGGGGCCGAGGTGACACCGTGGGCTGGGGGGGCGGTGGAGCCCGGGGCTGGCTTGTTGTCCGGGGCTGAGGTGACATCGTGGGC,38,1461,0.026009582477754964,High_Precision,Not flagged
S000021_S3344Nr1,None,None,None,None,None,None,None,None,None,Negative,NaN
S000021_S7741Nr1,None,None,None,None,None,None,None,None,None,Negative,NaN
S000021_S10697Nr2,None,None,None,None,None,None,None,None,None,Negative,NaN
11238_S48,None,None,None,None,None,None,None,None,None,Negative,NaN
S000021_S11525Nr2,None,None,None,None,None,None,None,None,None,Negative,NaN
S000021_S6113Nr32,None,None,None,None,None,None,None,None,None,Negative,NaN
S000021_S9786Nr19,None,None,None,None,None,None,None,None,None,Negative,NaN
S000021_S3050Nr1,None,None,None,None,None,None,None,None,None,Negative,NaN
S000021_S10522Nr4,None,None,None,None,None,None,None,None,None,Negative,NaN
S000021_S6113Nr64,None,None,None,None,None,None,None,None,None,Negative,NaN
S000021_S11839Nr1,None,None,None,None,None,None,None,None,None,Negative,NaN
S000021_S3673Nr6,None,None,None,None,None,None,None,None,None,Negative,NaN
S000021_S5939Nr2,None,None,None,None,None,None,None,None,None,Negative,NaN
S000021_S3832Nr1,None,None,None,None,None,None,None,None,None,Negative,NaN
S000021_S6113Nr35,None,None,None,None,None,None,None,None,None,Negative,NaN
S000021_S10233Nr3,None,None,None,None,None,None,None,None,None,Negative,NaN
28166_S23,None,None,None,None,None,None,None,None,None,Negative,NaN
S000021_S6716Nr62,None,None,None,None,None,None,None,None,None,Negative,NaN
S000021_S6716Nr31,None,None,None,None,None,None,None,None,None,Negative,NaN
S000021_S14653Nr6,None,None,None,None,None,None,None,None,None,Negative,NaN
S000021_S8811Nr1,None,None,None,None,None,None,None,None,None,Negative,NaN
S000021_S14937Nr4,None,None,None,None,None,None,None,None,None,Negative,NaN
S000021_S3673Nr9,None,None,None,None,None,None,None,None,None,Negative,NaN
S000021_S14166Nr1,None,None,None,None,None,None,None,None,None,Negative,NaN
10924_S29,None,None,None,None,None,None,None,None,None,Negative,NaN
S000021_S5041Nr52,None,None,None,None,None,None,None,None,None,Negative,NaN
10975_S50,None,None,None,None,None,None,None,None,None,Negative,NaN
S000021_S5041Nr38,None,None,None,None,None,None,None,None,None,Negative,NaN
S000021_S9089Nr5,None,None,None,None,None,None,None,None,None,Negative,NaN
S000021_S9786Nr16,None,None,None,None,None,None,None,None,None,Negative,NaN
S000021_S11525Nr3,None,None,None,None,None,None,None,None,None,Negative,NaN
11230_S69,None,None,None,None,None,None,None,None,None,Negative,NaN
S000021_S5041Nr79,None,None,None,None,None,None,None,None,None,Negative,NaN
10662_S54,None,None,None,None,None,None,None,None,None,Negative,NaN
11006_S90,None,None,None,None,None,None,None,None,None,Negative,NaN
S000021_S6315Nr3,None,None,None,None,None,None,None,None,None,Negative,NaN
S000021_S5041Nr62,None,None,None,None,None,None,None,None,None,Negative,NaN
S000021_S6265Nr55,None,None,None,None,None,None,None,None,None,Negative,NaN
S000021_S14937Nr3,None,None,None,None,None,None,None,None,None,Negative,NaN
S000021_S14702Nr5,None,None,None,None,None,None,None,None,None,Negative,NaN
S000021_S15423Nr2,None,None,None,None,None,None,None,None,None,Negative,NaN
10235_S2,None,None,None,None,None,None,None,None,None,Negative,NaN
S000021_S9786Nr10,None,None,None,None,None,None,None,None,None,Negative,NaN
10656_S35,None,None,None,None,None,None,None,None,None,Negative,NaN
S000021_S9360Nr4,None,None,None,None,None,None,None,None,None,Negative,NaN
S000021_S5041Nr18,None,None,None,None,None,None,None,None,None,Negative,NaN
S000021_S6113Nr16,None,None,None,None,None,None,None,None,None,Negative,NaN
S000021_S10486Nr6,None,None,None,None,None,None,None,None,None,Negative,NaN
S000021_S14460Nr4,None,None,None,None,None,None,None,None,None,Negative,NaN
10344_S72,None,None,None,None,None,None,None,None,None,Negative,NaN
10905_S95,None,None,None,None,None,None,None,None,None,Negative,NaN
S000021_S6113Nr29,None,None,None,None,None,None,None,None,None,Negative,NaN
S000021_S6265Nr29,None,None,None,None,None,None,None,None,None,Negative,NaN
S000021_S8990Nr2,None,None,None,None,None,None,None,None,None,Negative,NaN
S000021_S9089Nr3,None,None,None,None,None,None,None,None,None,Negative,NaN
S000021_S5489Nr1,None,None,None,None,None,None,None,None,None,Negative,NaN
S000021_S5041Nr47,None,None,None,None,None,None,None,None,None,Negative,NaN
S000021_S8967Nr1,None,None,None,None,None,None,None,None,None,Negative,NaN
S000021_S5041Nr5,None,None,None,None,None,None,None,None,None,Negative,NaN
11079_S10,None,None,None,None,None,None,None,None,None,Negative,NaN
S000021_S3390Nr2,None,None,None,None,None,None,None,None,None,Negative,NaN
S000021_S10757Nr1,None,None,None,None,None,None,None,None,None,Negative,NaN
11074_S87,None,None,None,None,None,None,None,None,None,Negative,NaN
S000021_S2973Nr1,None,None,None,None,None,None,None,None,None,Negative,NaN
11026_S51,None,None,None,None,None,None,None,None,None,Negative,NaN
S000021_S6265Nr50,None,None,None,None,None,None,None,None,None,Negative,NaN
S000021_S6716Nr6,None,None,None,None,None,None,None,None,None,Negative,NaN
10201_S64,None,None,None,None,None,None,None,None,None,Negative,NaN
10338_S76,None,None,None,None,None,None,None,None,None,Negative,NaN
S000021_S3678Nr1,None,None,None,None,None,None,None,None,None,Negative,NaN
10940_S33,None,None,None,None,None,None,None,None,None,Negative,NaN
S000021_S6113Nr52,D,Insertion,88,C,CGGCA,TGCGGGCGCGGTGGAGCCCGGGGCCGGCCTGCTCTCCGGTGCCGAGGTGACACCGTGGGCTGGGGGGGCGGTGGAGCCCGGGGCGGGCCTGGTGTCCGGGGCCGAGGTGACACCGTGGGC,6,14072,0.00042637862421830583,Low_Precision,False_Positive_4bp_Insertion
S000021_S5041Nr64,None,None,None,None,None,None,None,None,None,Negative,NaN
10814_S23,None,None,None,None,None,None,None,None,None,Negative,NaN
S000021_S9349Nr3,None,None,None,None,None,None,None,None,None,Negative,NaN
S000021_S3390Nr3,None,None,None,None,None,None,None,None,None,Negative,NaN
S000021_S6716Nr17,None,None,None,None,None,None,None,None,None,Negative,NaN
11047_S93,None,None,None,None,None,None,None,None,None,Negative,NaN
S000021_S7977Nr5,None,None,None,None,None,None,None,None,None,Negative,NaN
S000021_S9609Nr5,W,Insertion,67,G,GG,TGGGGGGGCGGTGGAGCCCGGGGCCGGCCTGGTGTCCGGGGCCGAGGTGACACTGTGGGCCGGGGGGGCGGTGGAGCCCGGGGCCGGCCTGGTGTCCGGGGCCGAGGTGACACCGTGGGC,24,4433,0.0054139408978118655,High_Precision,Not flagged
S000021_S14410Nr1,None,None,None,None,None,None,None,None,None,Negative,NaN
S000021_S7518Nr5,None,None,None,None,None,None,None,None,None,Negative,NaN
S000021_S12225Nr1,None,None,None,None,None,None,None,None,None,Negative,NaN
S000021_S9349Nr2,None,None,None,None,None,None,None,None,None,Negative,NaN
S000021_S12412Nr1,None,None,None,None,None,None,None,None,None,Negative,NaN
S000021_S6265Nr2,None,None,None,None,None,None,None,None,None,Negative,NaN
S000021_S14435Nr1,None,None,None,None,None,None,None,None,None,Negative,NaN
11021_S48,None,None,None,None,None,None,None,None,None,Negative,NaN
S000021_S12412Nr4,None,None,None,None,None,None,None,None,None,Negative,NaN
S000021_S12235Nr1,None,None,None,None,None,None,None,None,None,Negative,NaN
S000021_S8912Nr3,None,None,None,None,None,None,None,None,None,Negative,NaN
8137_S64,None,None,None,None,None,None,None,None,None,Negative,NaN
S000021_S5041Nr1,None,None,None,None,None,None,None,None,None,Negative,NaN
S000021_S11353Nr1,None,None,None,None,None,None,None,None,None,Negative,NaN
S000021_S6716Nr2,None,None,None,None,None,None,None,None,None,Negative,NaN
11240_S34,None,None,None,None,None,None,None,None,None,Negative,NaN
11221_S3,None,None,None,None,None,None,None,None,None,Negative,NaN
28194_S17,None,None,None,None,None,None,None,None,None,Negative,NaN
S000021_S7869Nr4,None,None,None,None,None,None,None,None,None,Negative,NaN
S000021_S5041Nr67,None,None,None,None,None,None,None,None,None,Negative,NaN
S000021_S6113Nr13,None,None,None,None,None,None,None,None,None,Negative,NaN
S000021_S5041Nr16,None,None,None,None,None,None,None,None,None,Negative,NaN
S000021_S10486Nr4,None,None,None,None,None,None,None,None,None,Negative,NaN
S000021_S11750Nr4,None,None,None,None,None,None,None,None,None,Negative,NaN
S000021_S6116Nr4,None,None,None,None,None,None,None,None,None,Negative,NaN
S000021_S6716Nr20,None,None,None,None,None,None,None,None,None,Negative,NaN
S000021_S10522Nr2,None,None,None,None,None,None,None,None,None,Negative,NaN
S000021_S11409Nr1,None,None,None,None,None,None,None,None,None,Negative,NaN
S000021_S6265Nr28,None,None,None,None,None,None,None,None,None,Negative,NaN
S000021_S5041Nr12,None,None,None,None,None,None,None,None,None,Negative,NaN
10626_S68,None,None,None,None,None,None,None,None,None,Negative,NaN
11081_S37,None,None,None,None,None,None,None,None,None,Negative,NaN
S000021_S6113Nr72,None,None,None,None,None,None,None,None,None,Negative,NaN
S000021_S14653Nr3,None,None,None,None,None,None,None,None,None,Negative,NaN
S000021_S6591Nr3,None,None,None,None,None,None,None,None,None,Negative,NaN
S000021_S4296Nr5,None,None,None,None,None,None,None,None,None,Negative,NaN
S000021_S6265Nr60,None,None,None,None,None,None,None,None,None,Negative,NaN
10225_S58,None,None,None,None,None,None,None,None,None,Negative,NaN
S000021_S6716Nr54,None,None,None,None,None,None,None,None,None,Negative,NaN
8123_S63,None,None,None,None,None,None,None,None,None,Negative,NaN
10475_S94,None,None,None,None,None,None,None,None,None,Negative,NaN
S000021_S9786Nr29,None,None,None,None,None,None,None,None,None,Negative,NaN
S000021_S6113Nr42,None,None,None,None,None,None,None,None,None,Negative,NaN
10651_S8,None,None,None,None,None,None,None,None,None,Negative,NaN
S000021_S3511Nr3,None,None,None,None,None,None,None,None,None,Negative,NaN
S000021_S6113Nr9,None,None,None,None,None,None,None,None,None,Negative,NaN
10381_S40,None,None,None,None,None,None,None,None,None,Negative,NaN
S000021_S10296Nr3,D,Insertion,67,G,GG,CGGGGCCGGGGTGGAGCCCGGGGCCGGCCTGGTGTCCGGGGCCGAGGTGACACCGTGGGCTGGGGGGGCGGTGGAGCCCGGGGCGGGCCTGGTGTCCGGGGCCGAGGTGACACCGTGGGC,46,2913,0.01579128046687264,High_Precision,Not flagged
S000021_S14702Nr2,None,None,None,None,None,None,None,None,None,Negative,NaN
S000021_S9140Nr3,None,None,None,None,None,None,None,None,None,Negative,NaN
11053_S80,None,None,None,None,None,None,None,None,None,Negative,NaN
S000021_S6265Nr34,None,None,None,None,None,None,None,None,None,Negative,NaN
28181_S14,None,None,None,None,None,None,None,None,None,Negative,NaN
10296_S77,None,None,None,None,None,None,None,None,None,Negative,NaN
8178_S34,None,None,None,None,None,None,None,None,None,Negative,NaN
10868_S74,None,None,None,None,None,None,None,None,None,Negative,NaN
10377_S82,None,None,None,None,None,None,None,None,None,Negative,NaN
10647_S38,None,None,None,None,None,None,None,None,None,Negative,NaN
S000021_S5041Nr50,None,None,None,None,None,None,None,None,None,Negative,NaN
S000021_S6716Nr60,None,None,None,None,None,None,None,None,None,Negative,NaN
S000021_S14034Nr3,None,None,None,None,None,None,None,None,None,Negative,NaN
S000021_S14411Nr3,C,Insertion,67,G,GG,TGGGGCGGCGGTGGAGCCCGGGGCCGGCCTGGTGTCCGGGGCTGAGGTGACACCGTGGGCTTGGGGGGCGGTGGAGCCCGGGGCCGGCCTGGTGTCCGGGGCCGAGGTGACACCGTGGGC,168,8570,0.019603267211201866,High_Precision*,Not flagged
S000021_S6265Nr8,None,None,None,None,None,None,None,None,None,Negative,NaN
S000021_S5041Nr65,None,None,None,None,None,None,None,None,None,Negative,NaN
S000021_S6113Nr69,None,None,None,None,None,None,None,None,None,Negative,NaN
10847_S81,None,None,None,None,None,None,None,None,None,Negative,NaN
S000021_S5041Nr6,None,None,None,None,None,None,None,None,None,Negative,NaN
S000021_S9786Nr1,None,None,None,None,None,None,None,None,None,Negative,NaN
S000021_S6716Nr46,None,None,None,None,None,None,None,None,None,Negative,NaN
S000021_S8967Nr5,None,None,None,None,None,None,None,None,None,Negative,NaN
S000021_S14460Nr1,None,None,None,None,None,None,None,None,None,Negative,NaN
S000021_S5041Nr11,D,Insertion,88,C,CGGCA,TGCGGGCGCGGTGGAGCCCGGGGCCGGCCTGCTCTCCGGTGCCGAGGTGACACCGTGGGCTGGGGGGGCGGTGGAGCCCGGGGCGGGCCTGGTGTCCGGGGCCGAGGTGACACCGTGGGC,6,8262,0.0007262164124909223,Low_Precision,False_Positive_4bp_Insertion
S000021_S12225Nr4,None,None,None,None,None,None,None,None,None,Negative,NaN
11241_S30,None,None,None,None,None,None,None,None,None,Negative,NaN
S000021_S5041Nr9,None,None,None,None,None,None,None,None,None,Negative,NaN
S000021_S7099Nr4,None,None,None,None,None,None,None,None,None,Negative,NaN
S000021_S5041Nr3,None,None,None,None,None,None,None,None,None,Negative,NaN
S000021_S10233Nr1,None,None,None,None,None,None,None,None,None,Negative,NaN
S000021_S9786Nr15,None,None,None,None,None,None,None,None,None,Negative,NaN
S000021_S14142Nr1,None,None,None,None,None,None,None,None,None,Negative,NaN
S000021_S8418Nr3,None,None,None,None,None,None,None,None,None,Negative,NaN
S000021_S9736Nr2,None,None,None,None,None,None,None,None,None,Negative,NaN
S000021_S6113Nr39,None,None,None,None,None,None,None,None,None,Negative,NaN
8141_S69,None,None,None,None,None,None,None,None,None,Negative,NaN
S000021_S11700Nr3,None,None,None,None,None,None,None,None,None,Negative,NaN
S000021_S5041Nr22,None,None,None,None,None,None,None,None,None,Negative,NaN
S000021_S6113Nr41,None,None,None,None,None,None,None,None,None,Negative,NaN
8182_S15,None,None,None,None,None,None,None,None,None,Negative,NaN
S000021_S9609Nr4,None,None,None,None,None,None,None,None,None,Negative,NaN
S000021_S7977Nr1,None,None,None,None,None,None,None,None,None,Negative,NaN
28146_S11,None,None,None,None,None,None,None,None,None,Negative,NaN
S000021_S8130Nr1,None,None,None,None,None,None,None,None,None,Negative,NaN
10853_S86,None,None,None,None,None,None,None,None,None,Negative,NaN
S000021_S6265Nr62,None,None,None,None,None,None,None,None,None,Negative,NaN
S000021_S6265Nr37,None,None,None,None,None,None,None,None,None,Negative,NaN
S000021_S14411Nr1,None,None,None,None,None,None,None,None,None,Negative,NaN
S000021_S6113Nr43,None,None,None,None,None,None,None,None,None,Negative,NaN
S000021_S6716Nr59,None,None,None,None,None,None,None,None,None,Negative,NaN
11055_S82,None,None,None,None,None,None,None,None,None,Negative,NaN
S000021_S9786Nr26,None,None,None,None,None,None,None,None,None,Negative,NaN
11197_S96,None,None,None,None,None,None,None,None,None,Negative,NaN
10937_S1,None,None,None,None,None,None,None,None,None,Negative,NaN
S000021_S8990Nr4,None,None,None,None,None,None,None,None,None,Negative,NaN
S000021_S6716Nr44,None,None,None,None,None,None,None,None,None,Negative,NaN
S000021_S14435Nr2,None,None,None,None,None,None,None,None,None,Negative,NaN
S000021_S7099Nr3,None,None,None,None,None,None,None,None,None,Negative,NaN
10657_S67,None,None,None,None,None,None,None,None,None,Negative,NaN
S000021_S8179Nr2,None,None,None,None,None,None,None,None,None,Negative,NaN
11054_S81,None,None,None,None,None,None,None,None,None,Negative,NaN
S000021_S15013Nr1,None,None,None,None,None,None,None,None,None,Negative,NaN
S000021_S9786Nr4,None,None,None,None,None,None,None,None,None,Negative,NaN
S000021_S6113Nr45,None,None,None,None,None,None,None,None,None,Negative,NaN
S000021_S6265Nr48,None,None,None,None,None,None,None,None,None,Negative,NaN
S000021_S5041Nr10,None,None,None,None,None,None,None,None,None,Negative,NaN
S000021_S6113Nr3,None,None,None,None,None,None,None,None,None,Negative,NaN
8143_S60,None,None,None,None,None,None,None,None,None,Negative,NaN
S000021_S11797Nr2,None,None,None,None,None,None,None,None,None,Negative,NaN
10842_S9,None,None,None,None,None,None,None,None,None,Negative,NaN
S000021_S13221Nr1,None,None,None,None,None,None,None,None,None,Negative,NaN
S000021_S6265Nr14,None,None,None,None,None,None,None,None,None,Negative,NaN
S000021_S7414Nr2,None,None,None,None,None,None,None,None,None,Negative,NaN
S000021_S6405Nr1,None,None,None,None,None,None,None,None,None,Negative,NaN
S000021_S11525Nr6,None,None,None,None,None,None,None,None,None,Negative,NaN
S000021_S5041Nr60,None,None,None,None,None,None,None,None,None,Negative,NaN
S000021_S14702Nr4,None,None,None,None,None,None,None,None,None,Negative,NaN
S000021_S6113Nr10,None,None,None,None,None,None,None,None,None,Negative,NaN
S000021_S5041Nr28,None,None,None,None,None,None,None,None,None,Negative,NaN
S000021_S6265Nr3,D,Insertion,88,C,CGGCA,TGCGGGCGCGGTGGAGCCCGGGGCCGGCCTGCTCTCCGGTGCCGAGGTGACACCGTGGGCTGGGGGGGCGGTGGAGCCCGGGGCGGGCCTGGTGTCCGGGGCCGAGGTGACACCGTGGGC,8,9489,0.0008430814627463379,Low_Precision,False_Positive_4bp_Insertion
S000021_S7869Nr5,None,None,None,None,None,None,None,None,None,Negative,NaN
S000021_S12815Nr5,W,Insertion,67,G,GG,TGGGGGGGCGGTGGAGCCCGGGGCCGGCCTGGTGTCCGTGCCCGAGGTGACACCGTGGGCCGGGGGGGCGGTGGAGCCCGGGGCCGGCCTGGTGTCCGGGGCCGAGGTGACACCGTGGGC,39,2316,0.01683937823834197,High_Precision,Not flagged
11001_S40,None,None,None,None,None,None,None,None,None,Negative,NaN
S000021_S15641Nr1,D,Insertion,88,C,CGGCA,CGGGGCCGGGGTGGAGCCCGGGGCCCGCCTGGTGTCCGGGGCCGAGGTGACACCGTGGGCTGGGGGGGCGGTGGAGCCCGGGGCGGGCCTGGTGTCCGGGGCCGAGGTGACACCGTGGGC,10,3135,0.003189792663476874,Low_Precision,False_Positive_4bp_Insertion
S000021_S4296Nr4,None,None,None,None,None,None,None,None,None,Negative,NaN
S000021_S9786Nr7,None,None,None,None,None,None,None,None,None,Negative,NaN
S000021_S6265Nr18,None,None,None,None,None,None,None,None,None,Negative,NaN
S000021_S11310Nr7,None,None,None,None,None,None,None,None,None,Negative,NaN
11087_S83,None,None,None,None,None,None,None,None,None,Negative,NaN
S000021_S6265Nr41,None,None,None,None,None,None,None,None,None,Negative,NaN
S000021_S7869Nr1,None,None,None,None,None,None,None,None,None,Negative,NaN
10859_S76,None,None,None,None,None,None,None,None,None,Negative,NaN
S000021_S6265Nr36,None,None,None,None,None,None,None,None,None,Negative,NaN
S000021_S11839Nr4,None,None,None,None,None,None,None,None,None,Negative,NaN
10245_S46,None,None,None,None,None,None,None,None,None,Negative,NaN
S000021_S6265Nr15,None,None,None,None,None,None,None,None,None,Negative,NaN
S000021_S6113Nr15,None,None,None,None,None,None,None,None,None,Negative,NaN
S000021_S14034Nr4,D,Insertion,88,C,CGGCT,CGGGGCCGGGGTGGAGCCCGGGGCCCGCCTGGTGTCCGGGGCCGAGGTGACACCGTGGGCTGGGGGGGCGGTGGAGCCCGGGGCGGGCCTGGTGTCCGGGGCCGAGGTGACACCGTGGGC,8,4644,0.0017226528854435831,Low_Precision,Not flagged
S000021_S3765Nr4,None,None,None,None,None,None,None,None,None,Negative,NaN
10392_S62,None,None,None,None,None,None,None,None,None,Negative,NaN
11015_S44,None,None,None,None,None,None,None,None,None,Negative,NaN
S000021_S9901Nr1,None,None,None,None,None,None,None,None,None,Negative,NaN
S000021_S5041Nr53,None,None,None,None,None,None,None,None,None,Negative,NaN
S000021_S5041Nr69,None,None,None,None,None,None,None,None,None,Negative,NaN
S000021_S12225Nr3,W,Insertion,67,G,GG,TGGGGGGGCGGTGGAGCCCGGGGCCGGCCTGGTGTCCGGGGCCGAGGTGACACTGTGGGCCGGGGGGGCGGTGGAGCCCGGGGCCGGCCTGGTGTCCGGGGCCGAGGTGACACCGTGGGC,46,5177,0.008885454896658295,High_Precision,Not flagged
11231_S73,None,None,None,None,None,None,None,None,None,Negative,NaN
S000021_S6265Nr58,None,None,None,None,None,None,None,None,None,Negative,NaN
S000021_S6113Nr49,None,None,None,None,None,None,None,None,None,Negative,NaN
S000021_S6113Nr19,None,None,None,None,None,None,None,None,None,Negative,NaN
S000021_S11700Nr1,None,None,None,None,None,None,None,None,None,Negative,NaN
S000021_S5041Nr19,None,None,None,None,None,None,None,None,None,Negative,NaN
S000021_S6265Nr39,None,None,None,None,None,None,None,None,None,Negative,NaN
10877_S13,None,None,None,None,None,None,None,None,None,Negative,NaN
S000021_S12887Nr2,None,None,None,None,None,None,None,None,None,Negative,NaN
11032_S53,None,None,None,None,None,None,None,None,None,Negative,NaN
S000021_S8967Nr7,None,None,None,None,None,None,None,None,None,Negative,NaN
S000021_S6716Nr9,None,None,None,None,None,None,None,None,None,Negative,NaN
S000021_S9791Nr2,None,None,None,None,None,None,None,None,None,Negative,NaN
S000021_S6716Nr48,None,None,None,None,None,None,None,None,None,Negative,NaN
S000021_S6113Nr60,None,None,None,None,None,None,None,None,None,Negative,NaN
S000021_S9609Nr3,None,None,None,None,None,None,None,None,None,Negative,NaN
S000021_S9786Nr30,None,None,None,None,None,None,None,None,None,Negative,NaN
10803_S27,None,None,None,None,None,None,None,None,None,Negative,NaN
28180_S15,None,None,None,None,None,None,None,None,None,Negative,NaN
S000021_S5041Nr57,None,None,None,None,None,None,None,None,None,Negative,NaN
S000021_S6113Nr21,None,None,None,None,None,None,None,None,None,Negative,NaN
S000021_S7099Nr2,W,Insertion,67,G,GG,TGCGGGGGCGGTGGAGCCCGGGGCCGGCCTGCTCTCCGGGGCTGAGGTGACACCGTGGGCCGGGGGGGCGGTGGAGCCCGGGGCCGGCCTGGTGTCCGGGGCCGAGGTGACACCGTGGGC,149,7339,0.020302493527728574,High_Precision*,Not flagged
S000021_S10048Nr3,None,None,None,None,None,None,None,None,None,Negative,NaN
S000021_S9457Nr3,None,None,None,None,None,None,None,None,None,Negative,NaN
10952_S4,None,None,None,None,None,None,None,None,None,Negative,NaN
10844_S6,None,None,None,None,None,None,None,None,None,Negative,NaN
S000021_S3765Nr3,None,None,None,None,None,None,None,None,None,Negative,NaN
10658_S47,None,None,None,None,None,None,None,None,None,Negative,NaN
S000021_S7518Nr7,None,None,None,None,None,None,None,None,None,Negative,NaN
S000021_S9349Nr8,None,None,None,None,None,None,None,None,None,Negative,NaN
10020_S71,None,None,None,None,None,None,None,None,None,Negative,NaN
S000021_S9786Nr3,None,None,None,None,None,None,None,None,None,Negative,NaN
S000021_S6265Nr17,None,None,None,None,None,None,None,None,None,Negative,NaN
S000021_S3518Nr1,None,None,None,None,None,None,None,None,None,Negative,NaN
8167_S9,None,None,None,None,None,None,None,None,None,Negative,NaN
S000021_S11551Nr1,None,None,None,None,None,None,None,None,None,Negative,NaN
S000021_S7099Nr5,None,None,None,None,None,None,None,None,None,Negative,NaN
S000021_S4078Nr1,None,None,None,None,None,None,None,None,None,Negative,NaN
S000021_S12160Nr3,None,None,None,None,None,None,None,None,None,Negative,NaN
S000021_S6113Nr11,None,None,None,None,None,None,None,None,None,Negative,NaN
S000021_S14034Nr5,D,Insertion,88,C,CGGCT,TTGGGGGGCGGTGGAGCCCGGGGCCGGCCTGGTGTCCGGGGCCGAGGTGACACCGTGGGCTGGGGGGGCGGTGGAGCCCGGGGCGGGCCTGGTGTCCGGGGCCGAGGTGACACCGTGGGC,11,4659,0.002361021678471775,Low_Precision,Not flagged
10851_S32,None,None,None,None,None,None,None,None,None,Negative,NaN
S000021_S6113Nr30,None,None,None,None,None,None,None,None,None,Negative,NaN
S000021_S12928Nr2,None,None,None,None,None,None,None,None,None,Negative,NaN
S000021_S5041Nr4,None,None,None,None,None,None,None,None,None,Negative,NaN
S000021_S9349Nr10,None,None,None,None,None,None,None,None,None,Negative,NaN
S000021_S6591Nr1,None,None,None,None,None,None,None,None,None,Negative,NaN
S000021_S6315Nr2,None,None,None,None,None,None,None,None,None,Negative,NaN
11085_S87,None,None,None,None,None,None,None,None,None,Negative,NaN
S000021_S11839Nr3,None,None,None,None,None,None,None,None,None,Negative,NaN
11050_S77,None,None,None,None,None,None,None,None,None,Negative,NaN
S000021_S10296Nr2,None,None,None,None,None,None,None,None,None,Negative,NaN
S000021_S8836Nr1,None,None,None,None,None,None,None,None,None,Negative,NaN
S000021_S2973Nr5,None,None,None,None,None,None,None,None,None,Negative,NaN
11058_S83,None,None,None,None,None,None,None,None,None,Negative,NaN
S000021_S10158Nr5,None,None,None,None,None,None,None,None,None,Negative,NaN
S000021_S6265Nr12,None,None,None,None,None,None,None,None,None,Negative,NaN
11089_S21,None,None,None,None,None,None,None,None,None,Negative,NaN
S000021_S10158Nr1,None,None,None,None,None,None,None,None,None,Negative,NaN
S000021_S9786Nr22,None,None,None,None,None,None,None,None,None,Negative,NaN
S000021_S6716Nr50,None,None,None,None,None,None,None,None,None,Negative,NaN
S000021_S5096Nr4,None,None,None,None,None,None,None,None,None,Negative,NaN
S000021_S14460Nr2,None,None,None,None,None,None,None,None,None,Negative,NaN
S000021_S2973Nr6,None,None,None,None,None,None,None,None,None,Negative,NaN
11044_S76,None,None,None,None,None,None,None,None,None,Negative,NaN
28156_S56,None,None,None,None,None,None,None,None,None,Negative,NaN
S000021_S6113Nr24,None,None,None,None,None,None,None,None,None,Negative,NaN
S000021_S6113Nr23,None,None,None,None,None,None,None,None,None,Negative,NaN
S000021_S5847Nr1,None,None,None,None,None,None,None,None,None,Negative,NaN
S000021_S6113Nr2,None,None,None,None,None,None,None,None,None,Negative,NaN
S000021_S6265Nr61,None,None,None,None,None,None,None,None,None,Negative,NaN
S000021_S6265Nr20,None,None,None,None,None,None,None,None,None,Negative,NaN
S000021_S11890Nr3,W,Insertion,67,G,GG,TGGGGGGGCGGTGGAGCCCGGGGCCGGCCTGGTGTCCGGGGCCGAGGTGACACTGTGGGCCGGGGGGGCGGTGGAGCCCGGGGCCGGCCTGGTGTCCGGGGCCGAGGTGACACCGTGGGC,72,8013,0.008985398727068513,High_Precision,Not flagged
S000021_S6113Nr7,None,None,None,None,None,None,None,None,None,Negative,NaN
S000021_S3765Nr1,None,None,None,None,None,None,None,None,None,Negative,NaN
S000021_S9552Nr5,None,None,None,None,None,None,None,None,None,Negative,NaN
10308_S59,None,None,None,None,None,None,None,None,None,Negative,NaN
S000021_S6716Nr37,None,None,None,None,None,None,None,None,None,Negative,NaN
S000021_S14937Nr1,None,None,None,None,None,None,None,None,None,Negative,NaN
11033_S74,None,None,None,None,None,None,None,None,None,Negative,NaN
11046_S57,None,None,None,None,None,None,None,None,None,Negative,NaN
10999_S21,None,None,None,None,None,None,None,None,None,Negative,NaN
10650_S55,None,None,None,None,None,None,None,None,None,Negative,NaN
S000021_S14410Nr2,None,None,None,None,None,None,None,None,None,Negative,NaN
S000021_S8130Nr4,None,None,None,None,None,None,None,None,None,Negative,NaN
S000021_S9552Nr2,None,None,None,None,None,None,None,None,None,Negative,NaN
10652_S44,None,None,None,None,None,None,None,None,None,Negative,NaN
S000021_S9089Nr2,None,None,None,None,None,None,None,None,None,Negative,NaN
S000021_S6113Nr37,None,None,None,None,None,None,None,None,None,Negative,NaN
S000021_S14702Nr3,None,None,None,None,None,None,None,None,None,Negative,NaN
S000021_S10296Nr6,None,None,None,None,None,None,None,None,None,Negative,NaN
S000021_S6716Nr4,None,None,None,None,None,None,None,None,None,Negative,NaN
S000021_S7977Nr2,None,None,None,None,None,None,None,None,None,Negative,NaN
S000021_S10697Nr3,None,None,None,None,None,None,None,None,None,Negative,NaN
S000021_S8967Nr11,None,None,None,None,None,None,None,None,None,Negative,NaN
S000021_S12007Nr5,None,None,None,None,None,None,None,None,None,Negative,NaN
S000021_S6113Nr66,None,None,None,None,None,None,None,None,None,Negative,NaN
S000021_S6265Nr47,None,None,None,None,None,None,None,None,None,Negative,NaN
S000021_S11068Nr1,None,None,None,None,None,None,None,None,None,Negative,NaN
S000021_S9349Nr4,None,None,None,None,None,None,None,None,None,Negative,NaN
S000021_S6113Nr44,None,None,None,None,None,None,None,None,None,Negative,NaN
S000021_S13396Nr2,None,None,None,None,None,None,None,None,None,Negative,NaN
S000021_S3673Nr3,None,None,None,None,None,None,None,None,None,Negative,NaN
S000021_S6113Nr17,None,None,None,None,None,None,None,None,None,Negative,NaN
S000021_S5041Nr25,None,None,None,None,None,None,None,None,None,Negative,NaN
S000021_S5041Nr2,None,None,None,None,None,None,None,None,None,Negative,NaN
S000021_S9791Nr1,None,None,None,None,None,None,None,None,None,Negative,NaN
S000021_S3765Nr2,None,None,None,None,None,None,None,None,None,Negative,NaN
11091_S62,None,None,None,None,None,None,None,None,None,Negative,NaN
S000021_S7869Nr3,None,None,None,None,None,None,None,None,None,Negative,NaN
S000021_S11551Nr2,None,None,None,None,None,None,None,None,None,Negative,NaN
S000021_S6716Nr16,None,None,None,None,None,None,None,None,None,Negative,NaN
S000021_S11525Nr5,None,None,None,None,None,None,None,None,None,Negative,NaN
S000021_S6113Nr38,None,None,None,None,None,None,None,None,None,Negative,NaN
S000021_S14805Nr1,None,None,None,None,None,None,None,None,None,Negative,NaN
28147_S12,None,None,None,None,None,None,None,None,None,Negative,NaN
S000021_S5489Nr2,None,None,None,None,None,None,None,None,None,Negative,NaN
S000021_S6265Nr24,None,None,None,None,None,None,None,None,None,Negative,NaN
S000021_S11750Nr3,None,None,None,None,None,None,None,None,None,Negative,NaN
S000021_S10757Nr4,None,None,None,None,None,None,None,None,None,Negative,NaN
S000021_S5328Nr3,None,None,None,None,None,None,None,None,None,Negative,NaN
S000021_S8811Nr3,None,None,None,None,None,None,None,None,None,Negative,NaN
S000021_S9786Nr12,None,None,None,None,None,None,None,None,None,Negative,NaN
11005_S41,None,None,None,None,None,None,None,None,None,Negative,NaN
10288-rpt_S72,None,None,None,None,None,None,None,None,None,Negative,NaN
10280_S5,None,None,None,None,None,None,None,None,None,Negative,NaN
S000021_S8699Nr2,None,None,None,None,None,None,None,None,None,Negative,NaN
S000021_S11353Nr4,None,None,None,None,None,None,None,None,None,Negative,NaN
11083_S7,None,None,None,None,None,None,None,None,None,Negative,NaN
S000021_S7518Nr3,None,None,None,None,None,None,None,None,None,Negative,NaN
S000021_S9457Nr200,None,None,None,None,None,None,None,None,None,Negative,NaN
S000021_S6113Nr40,None,None,None,None,None,None,None,None,None,Negative,NaN
10972_S65,None,None,None,None,None,None,None,None,None,Negative,NaN
S000021_S9457Nr1,None,None,None,None,None,None,None,None,None,Negative,NaN
S000021_S5041Nr51,None,None,None,None,None,None,None,None,None,Negative,NaN
S000021_S6113Nr33,None,None,None,None,None,None,None,None,None,Negative,NaN
10636_S57,None,None,None,None,None,None,None,None,None,Negative,NaN
10960_S67,None,None,None,None,None,None,None,None,None,Negative,NaN
10393_S43,None,None,None,None,None,None,None,None,None,Negative,NaN
S000021_S6716Nr3,None,None,None,None,None,None,None,None,None,Negative,NaN
S000021_S6265Nr43,None,None,None,None,None,None,None,None,None,Negative,NaN
S000021_S13619Nr4,None,None,None,None,None,None,None,None,None,Negative,NaN
S000021_S6113Nr25,None,None,None,None,None,None,None,None,None,Negative,NaN
S000021_S8967Nr6,None,None,None,None,None,None,None,None,None,Negative,NaN
11040_S55,None,None,None,None,None,None,None,None,None,Negative,NaN
S000021_S6265Nr44,None,None,None,None,None,None,None,None,None,Negative,NaN
S000021_S12815Nr3,None,None,None,None,None,None,None,None,None,Negative,NaN
S000021_S7518Nr6,None,None,None,None,None,None,None,None,None,Negative,NaN
28153_S18,None,None,None,None,None,None,None,None,None,Negative,NaN
S000021_S6113Nr55,None,None,None,None,None,None,None,None,None,Negative,NaN
11019_S45,None,None,None,None,None,None,None,None,None,Negative,NaN
S000021_S9786Nr28,None,None,None,None,None,None,None,None,None,Negative,NaN
S000021_S6203Nr1,None,None,None,None,None,None,None,None,None,Negative,NaN
S000021_S7192Nr1,None,None,None,None,None,None,None,None,None,Negative,NaN
S000021_S9786Nr13,None,None,None,None,None,None,None,None,None,Negative,NaN
S000021_S6265Nr49,None,None,None,None,None,None,None,None,None,Negative,NaN
S000021_S3673Nr1,None,None,None,None,None,None,None,None,None,Negative,NaN
S000021_S14653Nr1,None,None,None,None,None,None,None,None,None,Negative,NaN
S000021_S5041Nr45,None,None,None,None,None,None,None,None,None,Negative,NaN
11150_S68,None,None,None,None,None,None,None,None,None,Negative,NaN
S000021_S6113Nr14,None,None,None,None,None,None,None,None,None,Negative,NaN
S000021_S6716Nr58,None,None,None,None,None,None,None,None,None,Negative,NaN
S000021_S12412Nr2,None,None,None,None,None,None,None,None,None,Negative,NaN
S000021_S8252Nr2,None,None,None,None,None,None,None,None,None,Negative,NaN
11065_S70,None,None,None,None,None,None,None,None,None,Negative,NaN
28151_S80,None,None,None,None,None,None,None,None,None,Negative,NaN
S000021_S5041Nr72,None,None,None,None,None,None,None,None,None,Negative,NaN
S000021_S6716Nr40,None,None,None,None,None,None,None,None,None,Negative,NaN
28187_S79,None,None,None,None,None,None,None,None,None,Negative,NaN
10489_S7,None,None,None,None,None,None,None,None,None,Negative,NaN
10244_S41,None,None,None,None,None,None,None,None,None,Negative,NaN
11268_S67,None,None,None,None,None,None,None,None,None,Negative,NaN
S000021_S13619Nr1,None,None,None,None,None,None,None,None,None,Negative,NaN
S000021_S14435Nr3,None,None,None,None,None,None,None,None,None,Negative,NaN
S000021_S6265Nr42,None,None,None,None,None,None,None,None,None,Negative,NaN
S000021_S11901Nr1,None,None,None,None,None,None,None,None,None,Negative,NaN
S000021_S5041Nr43,None,None,None,None,None,None,None,None,None,Negative,NaN
S000021_S6716Nr53,None,None,None,None,None,None,None,None,None,Negative,NaN
S000021_S9360Nr1,None,None,None,None,None,None,None,None,None,Negative,NaN
S000021_S3673Nr2,None,None,None,None,None,None,None,None,None,Negative,NaN
S000021_S5096Nr3,D,Insertion,88,C,CGGCA,CGGGGCCGGGGTGGAGCCCGGGGCCCGCCTGGTGTCCGGGGCCGAGGTGACACCGTGGGCTGGGGGGGCGGTGGAGCCCGGGGCGGGCCTGGTGTCCGGGGCCGAGGTGACACCGTGGGC,12,10853,0.0011056850640375933,Low_Precision,False_Positive_4bp_Insertion
10628_S4,None,None,None,None,None,None,None,None,None,Negative,NaN
S000021_S7698Nr1,None,None,None,None,None,None,None,None,None,Negative,NaN
S000021_S9786Nr17,None,None,None,None,None,None,None,None,None,Negative,NaN
11090_S17,None,None,None,None,None,None,None,None,None,Negative,NaN
S000021_S6405Nr2,None,None,None,None,None,None,None,None,None,Negative,NaN
10922_S40,None,None,None,None,None,None,None,None,None,Negative,NaN
10111_S27,None,None,None,None,None,None,None,None,None,Negative,NaN
S000021_S3714Nr1,None,None,None,None,None,None,None,None,None,Negative,NaN
S000021_S5041Nr7,None,None,None,None,None,None,None,None,None,Negative,NaN
S000021_S4296Nr1,None,None,None,None,None,None,None,None,None,Negative,NaN
S000021_S10158Nr3,None,None,None,None,None,None,None,None,None,Negative,NaN
S000021_S12577Nr2,None,None,None,None,None,None,None,None,None,Negative,NaN
S000021_S10048Nr2,None,None,None,None,None,None,None,None,None,Negative,NaN
S000021_S11890Nr5,None,None,None,None,None,None,None,None,None,Negative,NaN
10869_S42,None,None,None,None,None,None,None,None,None,Negative,NaN
10684_S90,None,None,None,None,None,None,None,None,None,Negative,NaN
10257_S48,None,None,None,None,None,None,None,None,None,Negative,NaN
S000021_S9089Nr6,None,None,None,None,None,None,None,None,None,Negative,NaN
S000021_S5041Nr20,None,None,None,None,None,None,None,None,None,Negative,NaN
10991_S70,None,None,None,None,None,None,None,None,None,Negative,NaN
10961_S87,None,None,None,None,None,None,None,None,None,Negative,NaN
S000021_S6716Nr51,None,None,None,None,None,None,None,None,None,Negative,NaN
S000021_S11068Nr3,None,None,None,None,None,None,None,None,None,Negative,NaN
S000021_S6716Nr56,None,None,None,None,None,None,None,None,None,Negative,NaN
10686_S10,None,None,None,None,None,None,None,None,None,Negative,NaN
S000021_S9552Nr6,None,None,None,None,None,None,None,None,None,Negative,NaN
S000021_S15423Nr1,None,None,None,None,None,None,None,None,None,Negative,NaN
S000021_S12007Nr1,None,None,None,None,None,None,None,None,None,Negative,NaN
S000021_S8912Nr1,None,None,None,None,None,None,None,None,None,Negative,NaN
S000021_S12815Nr4,None,None,None,None,None,None,None,None,None,Negative,NaN
S000021_S5328Nr2,None,None,None,None,None,None,None,None,None,Negative,NaN
S000021_S5041Nr56,None,None,None,None,None,None,None,None,None,Negative,NaN
S000021_S12577Nr1,W,Insertion,67,G,GG,TGCGGGGGCGGTGGAGCCCGGGGCCGGCCTGCTCTCCGGGGCTGAGGTGACACCGTGGGCCGGGGGGGCGGTGGAGCCCGGGGCCGGCCTGGTGTCCGGGGCCGAGGTGACACCGTGGGC,56,4579,0.012229744485695566,High_Precision,Not flagged
11066_S86,None,None,None,None,None,None,None,None,None,Negative,NaN
10941_S53,None,None,None,None,None,None,None,None,None,Negative,NaN
10997_S33,None,None,None,None,None,None,None,None,None,Negative,NaN
S000021_S5041Nr24,None,None,None,None,None,None,None,None,None,Negative,NaN
S000021_S9736Nr3,None,None,None,None,None,None,None,None,None,Negative,NaN
S000021_S8967Nr4,None,None,None,None,None,None,None,None,None,Negative,NaN
S000021_S3673Nr4,None,None,None,None,None,None,None,None,None,Negative,NaN
S000021_S6716Nr63,None,None,None,None,None,None,None,None,None,Negative,NaN
11000_S34,None,None,None,None,None,None,None,None,None,Negative,NaN
28115_S96,None,None,None,None,None,None,None,None,None,Negative,NaN
11199_S71,None,None,None,None,None,None,None,None,None,Negative,NaN
S000021_S10158Nr7,None,None,None,None,None,None,None,None,None,Negative,NaN
11042_S75,None,None,None,None,None,None,None,None,None,Negative,NaN
S000021_S5041Nr30,None,None,None,None,None,None,None,None,None,Negative,NaN
10491_S4,None,None,None,None,None,None,None,None,None,Negative,NaN
10955_S46,None,None,None,None,None,None,None,None,None,Negative,NaN
S000021_S6113Nr20,None,None,None,None,None,None,None,None,None,Negative,NaN
S000021_S5041Nr33,None,None,None,None,None,None,None,None,None,Negative,NaN
11045_S56,None,None,None,None,None,None,None,None,None,Negative,NaN
S000021_S8699Nr3,None,None,None,None,None,None,None,None,None,Negative,NaN
S000021_S10659Nr3,None,None,None,None,None,None,None,None,None,Negative,NaN
S000021_S12007Nr2,None,None,None,None,None,None,None,None,None,Negative,NaN
S000021_S13492Nr1,None,None,None,None,None,None,None,None,None,Negative,NaN
S000021_S6591Nr2,None,None,None,None,None,None,None,None,None,Negative,NaN
S000021_S6265Nr45,None,None,None,None,None,None,None,None,None,Negative,NaN
28140_S1,None,None,None,None,None,None,None,None,None,Negative,NaN
10841_S19,None,None,None,None,None,None,None,None,None,Negative,NaN
S000021_S5041Nr46,None,None,None,None,None,None,None,None,None,Negative,NaN
S000021_S8418Nr1,None,None,None,None,None,None,None,None,None,Negative,NaN
S000021_S6113Nr12,None,None,None,None,None,None,None,None,None,Negative,NaN
S000021_S9552Nr3,None,None,None,None,None,None,None,None,None,Negative,NaN
10850_S33,None,None,None,None,None,None,None,None,None,Negative,NaN
S000021_S8990Nr3,None,None,None,None,None,None,None,None,None,Negative,NaN
10431_S4,None,None,None,None,None,None,None,None,None,Negative,NaN
11147_S28,None,None,None,None,None,None,None,None,None,Negative,NaN
S000021_S8967Nr12,None,None,None,None,None,None,None,None,None,Negative,NaN
S000021_S6265Nr13,None,None,None,None,None,None,None,None,None,Negative,NaN
S000021_S6716Nr30,None,None,None,None,None,None,None,None,None,Negative,NaN
S000021_S9786Nr14,None,None,None,None,None,None,None,None,None,Negative,NaN
S000021_S13396Nr3,None,None,None,None,None,None,None,None,None,Negative,NaN
10660_S29,None,None,None,None,None,None,None,None,None,Negative,NaN
11034_S54,None,None,None,None,None,None,None,None,None,Negative,NaN
S000021_S8912Nr2,None,None,None,None,None,None,None,None,None,Negative,NaN
S000021_S9457Nr5,None,None,None,None,None,None,None,None,None,Negative,NaN
S000021_S5344Nr1,None,None,None,None,None,None,None,None,None,Negative,NaN
S000021_S14653Nr5,None,None,None,None,None,None,None,None,None,Negative,NaN
S000021_S9786Nr23,None,None,None,None,None,None,None,None,None,Negative,NaN
S000021_S3344Nr2,None,None,None,None,None,None,None,None,None,Negative,NaN
S000021_S9349Nr6,None,None,None,None,None,None,None,None,None,Negative,NaN
10946_S60,None,None,None,None,None,None,None,None,None,Negative,NaN
S000021_S6265Nr38,None,None,None,None,None,None,None,None,None,Negative,NaN
S000021_S5096Nr2,None,None,None,None,None,None,None,None,None,Negative,NaN
S000021_S6716Nr12,None,None,None,None,None,None,None,None,None,Negative,NaN
S000021_S3511Nr4,None,None,None,None,None,None,None,None,None,Negative,NaN
S000021_S7869Nr2,None,None,None,None,None,None,None,None,None,Negative,NaN
S000021_S6113Nr67,None,None,None,None,None,None,None,None,None,Negative,NaN
S000021_S6716Nr13,None,None,None,None,None,None,None,None,None,Negative,NaN
S000021_S6716Nr24,5C,Insertion,61,T,TC,TGCGGGCGCGGTGGAGCCCGGGGCCGGCCTGCTCTCCGGGGCCGAGGTGACACCGTGGGCTTGGGGGGCGGTGGAGCCCGGGGCCGGCCTGGTGTCCGGGGCTGAGGTGACATCGTGGGC,6,9081,0.0006607201850016518,Low_Precision,Not flagged
S000021_S6113Nr1,None,None,None,None,None,None,None,None,None,Negative,NaN
S000021_S15013Nr5,None,None,None,None,None,None,None,None,None,Negative,NaN
S000021_S9609Nr1,None,None,None,None,None,None,None,None,None,Negative,NaN
10948_S62,None,None,None,None,None,None,None,None,None,Negative,NaN
8172_S38,None,None,None,None,None,None,None,None,None,Negative,NaN
S000021_S5939Nr3,None,None,None,None,None,None,None,None,None,Negative,NaN
S000021_S6265Nr11,None,None,None,None,None,None,None,None,None,Negative,NaN
S000021_S8811Nr2,None,None,None,None,None,None,None,None,None,Negative,NaN
S000021_S9360Nr2,None,None,None,None,None,None,None,None,None,Negative,NaN
S000021_S6716Nr36,None,None,None,None,None,None,None,None,None,Negative,NaN
S000021_S11310Nr3,None,None,None,None,None,None,None,None,None,Negative,NaN
S000021_S5041Nr13,None,None,None,None,None,None,None,None,None,Negative,NaN
S000021_S9349Nr1,None,None,None,None,None,None,None,None,None,Negative,NaN
S000021_S5041Nr44,None,None,None,None,None,None,None,None,None,Negative,NaN
11211_S63,None,None,None,None,None,None,None,None,None,Negative,NaN
S000021_S6113Nr6,W,Insertion,67,G,GG,TGGGGGGGCGGTGGAGCCCGGGGCCGGCCTGGTGTCCGGGGCCGAGGTGACACTGTGGGCCGGGGGGGCGGTGGAGCCCGGGGCCGGCCTGGTGTCCGGGGCCGAGGTGACACCGTGGGC,88,8158,0.01078695758764403,High_Precision,Not flagged
S000021_S5041Nr39,None,None,None,None,None,None,None,None,None,Negative,NaN
S000021_S10570Nr1,None,None,None,None,None,None,None,None,None,Negative,NaN
S000021_S10486Nr1,None,None,None,None,None,None,None,None,None,Negative,NaN
S000021_S6113Nr28,None,None,None,None,None,None,None,None,None,Negative,NaN
S000021_S5041Nr59,None,None,None,None,None,None,None,None,None,Negative,NaN
S000021_S6116Nr1,None,None,None,None,None,None,None,None,None,Negative,NaN
10479_S44,None,None,None,None,None,None,None,None,None,Negative,NaN
S000021_S9178Nr1,None,None,None,None,None,None,None,None,None,Negative,NaN
11052_S79,None,None,None,None,None,None,None,None,None,Negative,NaN
S000021_S3673Nr10,None,None,None,None,None,None,None,None,None,Negative,NaN
S000021_S6716Nr43,None,None,None,None,None,None,None,None,None,Negative,NaN
S000021_S6113Nr58,None,None,None,None,None,None,None,None,None,Negative,NaN
S000021_S6113Nr26,None,None,None,None,None,None,None,None,None,Negative,NaN
S000021_S6804Nr2,None,None,None,None,None,None,None,None,None,Negative,NaN
11009_S69,None,None,None,None,None,None,None,None,None,Negative,NaN
S000021_S15238Nr2,None,None,None,None,None,None,None,None,None,Negative,NaN
10218_S78,None,None,None,None,None,None,None,None,None,Negative,NaN
S000021_S6113Nr5,None,None,None,None,None,None,None,None,None,Negative,NaN
S000021_S14411Nr2,None,None,None,None,None,None,None,None,None,Negative,NaN
S000021_S2997Nr1,None,None,None,None,None,None,None,None,None,Negative,NaN
S000021_S5041Nr41,None,None,None,None,None,None,None,None,None,Negative,NaN
S000021_S11890Nr2,None,None,None,None,None,None,None,None,None,Negative,NaN
11242_S88,None,None,None,None,None,None,None,None,None,Negative,NaN
S000021_S6113Nr47,None,None,None,None,None,None,None,None,None,Negative,NaN
S000021_S6716Nr25,D,Insertion,88,C,CGGCA,TGCGGGCGCGGTGGAGCCCGGGGCCGGCCTGCTCTCCGGTGCCGAGGTGACACCGTGGGCTGGGGGGGCGGTGGAGCCCGGGGCGGGCCTGGTGTCCGGGGCCGAGGTGACACCGTGGGC,7,9828,0.0007122507122507123,Low_Precision,False_Positive_4bp_Insertion
S000021_S6113Nr34,None,None,None,None,None,None,None,None,None,Negative,NaN
10237_S25,None,None,None,None,None,None,None,None,None,Negative,NaN
11191_S16,None,None,None,None,None,None,None,None,None,Negative,NaN
S000021_S5328Nr6,None,None,None,None,None,None,None,None,None,Negative,NaN
11224_S45,None,None,None,None,None,None,None,None,None,Negative,NaN
10467_S50,None,None,None,None,None,None,None,None,None,Negative,NaN
S000021_S10048Nr1,None,None,None,None,None,None,None,None,None,Negative,NaN
11008_S52,None,None,None,None,None,None,None,None,None,Negative,NaN
S000021_S6113Nr46,None,None,None,None,None,None,None,None,None,Negative,NaN
S000021_S15178Nr1,None,None,None,None,None,None,None,None,None,Negative,NaN
S000021_S10757Nr6,None,None,None,None,None,None,None,None,None,Negative,NaN
S000021_S6265Nr32,None,None,None,None,None,None,None,None,None,Negative,NaN
S000021_S5041Nr78,None,None,None,None,None,None,None,None,None,Negative,NaN
S000021_S10697Nr1,None,None,None,None,None,None,None,None,None,Negative,NaN
S000021_S14805Nr3,None,None,None,None,None,None,None,None,None,Negative,NaN
S000021_S6113Nr57,None,None,None,None,None,None,None,None,None,Negative,NaN
S000021_S9457Nr4,None,None,None,None,None,None,None,None,None,Negative,NaN
S000021_S8179Nr1,None,None,None,None,None,None,None,None,None,Negative,NaN
S000021_S6113Nr4,None,None,None,None,None,None,None,None,None,Negative,NaN
S000021_S2997Nr3,None,None,None,None,None,None,None,None,None,Negative,NaN
S000021_S5041Nr35,None,None,None,None,None,None,None,None,None,Negative,NaN
11092_S57,None,None,None,None,None,None,None,None,None,Negative,NaN
10951_S68,None,None,None,None,None,None,None,None,None,Negative,NaN
S000021_S5041Nr8,None,None,None,None,None,None,None,None,None,Negative,NaN
S000021_S8967Nr3,None,None,None,None,None,None,None,None,None,Negative,NaN
S000021_S8028Nr1,None,None,None,None,None,None,None,None,None,Negative,NaN
10469_S39,None,None,None,None,None,None,None,None,None,Negative,NaN
S000021_S12815Nr2,None,None,None,None,None,None,None,None,None,Negative,NaN
10266_S85,None,None,None,None,None,None,None,None,None,Negative,NaN
S000021_S14914Nr1,None,None,None,None,None,None,None,None,None,Negative,NaN
S000021_S5041Nr54,None,None,None,None,None,None,None,None,None,Negative,NaN
S000021_S11643Nr3,None,None,None,None,None,None,None,None,None,Negative,NaN
S000021_S6265Nr54,None,None,None,None,None,None,None,None,None,Negative,NaN
S000021_S6716Nr64,None,None,None,None,None,None,None,None,None,Negative,NaN
10221_S49,None,None,None,None,None,None,None,None,None,Negative,NaN
S000021_S6315Nr1,None,None,None,None,None,None,None,None,None,Negative,NaN
S000021_S11750Nr5,None,None,None,None,None,None,None,None,None,Negative,NaN
S000021_S12160Nr2,None,None,None,None,None,None,None,None,None,Negative,NaN
S000021_S7013Nr1,None,None,None,None,None,None,None,None,None,Negative,NaN
S000021_S11353Nr2,None,None,None,None,None,None,None,None,None,Negative,NaN
S000021_S11890Nr7,None,None,None,None,None,None,None,None,None,Negative,NaN
S000021_S9786Nr18,None,None,None,None,None,None,None,None,None,Negative,NaN
S000021_S5041Nr74,None,None,None,None,None,None,None,None,None,Negative,NaN
S000021_S7977Nr3,None,None,None,None,None,None,None,None,None,Negative,NaN
S000021_S9609Nr2,None,None,None,None,None,None,None,None,None,Negative,NaN
S000021_S6113Nr50,None,None,None,None,None,None,None,None,None,Negative,NaN
S000021_S6716Nr18,None,None,None,None,None,None,None,None,None,Negative,NaN
S000021_S14034Nr1,None,None,None,None,None,None,None,None,None,Negative,NaN
S000021_S8990Nr1,None,None,None,None,None,None,None,None,None,Negative,NaN
S000021_S6716Nr61,None,None,None,None,None,None,None,None,None,Negative,NaN
10992_S30,None,None,None,None,None,None,None,None,None,Negative,NaN
S000021_S15013Nr4,None,None,None,None,None,None,None,None,None,Negative,NaN
10022_S13,None,None,None,None,None,None,None,None,None,Negative,NaN
S000021_S5041Nr71,None,None,None,None,None,None,None,None,None,Negative,NaN
10655_S30,None,None,None,None,None,None,None,None,None,Negative,NaN
S000021_S6716Nr1,5C,Insertion,61,T,TC,TGGGGGGGCGGTGGAGCCCGGGGCCGGCCTGGTGTCCGGGGCCGAGGTGACACTGTGGGCTTGGGGGGCGGTGGAGCCCGGGGCCGGCCTGGTGTCCGGGGCTGAGGTGACATCGTGGGC,5,7602,0.0006577216521967903,Low_Precision,Not flagged
S000021_S6203Nr3,W,Insertion,67,G,GG,TGCGGGGGCGGTGGAGCCCGGGGCCGGCCTGCTCTCCGGGGCTGAGGTGACACCGTGGGCCGGGGGGGCGGTGGAGCCCGGGGCCGGCCTGGTGTCCGGGGCCGAGGTGACACCGTGGGC,81,9926,0.008160386862784606,High_Precision,Not flagged
11059_S84,None,None,None,None,None,None,None,None,None,Negative,NaN
S000021_S5041Nr40,None,None,None,None,None,None,None,None,None,Negative,NaN
S000021_S11310Nr2,None,None,None,None,None,None,None,None,None,Negative,NaN
S000021_S5096Nr1,None,None,None,None,None,None,None,None,None,Negative,NaN
S000021_S11797Nr1,None,None,None,None,None,None,None,None,None,Negative,NaN
S000021_S7157Nr1,None,None,None,None,None,None,None,None,None,Negative,NaN
S000021_S5041Nr76,None,None,None,None,None,None,None,None,None,Negative,NaN
S000021_S5328Nr5,None,None,None,None,None,None,None,None,None,Negative,NaN
S000021_S5328Nr4,None,None,None,None,None,None,None,None,None,Negative,NaN
S000021_S11890Nr4,None,None,None,None,None,None,None,None,None,Negative,NaN
28193_S39,None,None,None,None,None,None,None,None,None,Negative,NaN
S000021_S8179Nr3,None,None,None,None,None,None,None,None,None,Negative,NaN
S000021_S8699Nr1,None,None,None,None,None,None,None,None,None,Negative,NaN
S000021_S6113Nr61,None,None,None,None,None,None,None,None,None,Negative,NaN
S000021_S14937Nr2,None,None,None,None,None,None,None,None,None,Negative,NaN
S000021_S6265Nr51,W,Insertion,67,G,GG,TGGGGGGGCGGTGGAGCCCGGGGCCGGCCTGGTGTCCGGTGCCGAGGTGACACCGTGGGCCGGGGGGGCGGTGGAGCCCGGGGCCGGCCTGGTGTCCGGGGCCGAGGTGACACCGTGGGC,45,8777,0.005127036572860886,Low_Precision,Not flagged
S000021_S6265Nr59,None,None,None,None,None,None,None,None,None,Negative,NaN
10864_S59,None,None,None,None,None,None,None,None,None,Negative,NaN
8151_S96,None,None,None,None,None,None,None,None,None,Negative,NaN
S000021_S12358Nr1,None,None,None,None,None,None,None,None,None,Negative,NaN
S000021_S11525Nr1,None,None,None,None,None,None,None,None,None,Negative,NaN
S000021_S5041Nr37,None,None,None,None,None,None,None,None,None,Negative,NaN
S000021_S11068Nr4,None,None,None,None,None,None,None,None,None,Negative,NaN
S000021_S6113Nr63,None,None,None,None,None,None,None,None,None,Negative,NaN
S000021_S9786Nr25,None,None,None,None,None,None,None,None,None,Negative,NaN
S000021_S14805Nr2,None,None,None,None,None,None,None,None,None,Negative,NaN
28154_S13,None,None,None,None,None,None,None,None,None,Negative,NaN
S000021_S4296Nr3,None,None,None,None,None,None,None,None,None,Negative,NaN
S000021_S6265Nr10,None,None,None,None,None,None,None,None,None,Negative,NaN
S000021_S6113Nr56,None,None,None,None,None,None,None,None,None,Negative,NaN
S000021_S6113Nr73,None,None,None,None,None,None,None,None,None,Negative,NaN
10430_S86,None,None,None,None,None,None,None,None,None,Negative,NaN
S000021_S11839Nr2,None,None,None,None,None,None,None,None,None,Negative,NaN
S000021_S6716Nr38,None,None,None,None,None,None,None,None,None,Negative,NaN
S000021_S6113Nr22,None,None,None,None,None,None,None,None,None,Negative,NaN
10496_S1,None,None,None,None,None,None,None,None,None,Negative,NaN
10241_S55,None,None,None,None,None,None,None,None,None,Negative,NaN
S000021_S12484Nr2,None,None,None,None,None,None,None,None,None,Negative,NaN
S000021_S6716Nr21,None,None,None,None,None,None,None,None,None,Negative,NaN
S000021_S15013Nr3,None,None,None,None,None,None,None,None,None,Negative,NaN
S000021_S9786Nr24,None,None,None,None,None,None,None,None,None,Negative,NaN
S000021_S9791Nr3,None,None,None,None,None,None,None,None,None,Negative,NaN
S000021_S6265Nr52,None,None,None,None,None,None,None,None,None,Negative,NaN
10481_S7,None,None,None,None,None,None,None,None,None,Negative,NaN
S000021_S6265Nr7,None,None,None,None,None,None,None,None,None,Negative,NaN
10638_S88,None,None,None,None,None,None,None,None,None,Negative,NaN
S000021_S6716Nr39,None,None,None,None,None,None,None,None,None,Negative,NaN
S000021_S6716Nr7,None,None,None,None,None,None,None,None,None,Negative,NaN
S000021_S6265Nr26,None,None,None,None,None,None,None,None,None,Negative,NaN
S000021_S8967Nr10,None,None,None,None,None,None,None,None,None,Negative,NaN
S000021_S5041Nr31,None,None,None,None,None,None,None,None,None,Negative,NaN
S000021_S10757Nr5,None,None,None,None,None,None,None,None,None,Negative,NaN
S000021_S6716Nr35,None,None,None,None,None,None,None,None,None,Negative,NaN
10642_S19,None,None,None,None,None,None,None,None,None,Negative,NaN
S000021_S6716Nr32,None,None,None,None,None,None,None,None,None,Negative,NaN
10139_S69,None,None,None,None,None,None,None,None,None,Negative,NaN
8166_S61,None,None,None,None,None,None,None,None,None,Negative,NaN
S000021_S6265Nr31,W,Insertion,67,G,GG,TGCGGGGGCGGTGGAGCCCGGGGCCGGCCTGCTCTCCGGGGCTGAGGTGACACCGTGGGCCGGGGGGGCGGTGGAGCCCGGGGCCGGCCTGGTGTCCGGGGCCGAGGTGACACCGTGGGC,138,6912,0.019965277777777776,High_Precision*,Not flagged
S000021_S10158Nr6,None,None,None,None,None,None,None,None,None,Negative,NaN
S000021_S2973Nr2,None,None,None,None,None,None,None,None,None,Negative,NaN
S000021_S10757Nr3,None,None,None,None,None,None,None,None,None,Negative,NaN
S000021_S13396Nr1,None,None,None,None,None,None,None,None,None,Negative,NaN
S000021_S9786Nr21,None,None,None,None,None,None,None,None,None,Negative,NaN
S000021_S9786Nr9,None,None,None,None,None,None,None,None,None,Negative,NaN
S000021_S6265Nr33,None,None,None,None,None,None,None,None,None,Negative,NaN
S000021_S12007Nr3,None,None,None,None,None,None,None,None,None,Negative,NaN
S000021_S9360Nr3,None,None,None,None,None,None,None,None,None,Negative,NaN
10434_S67,None,None,None,None,None,None,None,None,None,Negative,NaN
S000021_S5041Nr58,None,None,None,None,None,None,None,None,None,Negative,NaN
S000021_S5041Nr75,None,None,None,None,None,None,None,None,None,Negative,NaN
S000021_S10757Nr2,None,None,None,None,None,None,None,None,None,Negative,NaN
S000021_S11643Nr1,None,None,None,None,None,None,None,None,None,Negative,NaN
S000021_S5041Nr48,None,None,None,None,None,None,None,None,None,Negative,NaN
S000021_S6265Nr56,None,None,None,None,None,None,None,None,None,Negative,NaN
11049_S58,None,None,None,None,None,None,None,None,None,Negative,NaN
S000021_S9089Nr10,None,None,None,None,None,None,None,None,None,Negative,NaN
S000021_S12007Nr4,None,None,None,None,None,None,None,None,None,Negative,NaN
S000021_S14276Nr3,None,None,None,None,None,None,None,None,None,Negative,NaN
S000021_S9609Nr7,None,None,None,None,None,None,None,None,None,Negative,NaN
S000021_S7977Nr4,None,None,None,None,None,None,None,None,None,Negative,NaN
10633_S82,None,None,None,None,None,None,None,None,None,Negative,NaN
S000021_S9089Nr9,None,None,None,None,None,None,None,None,None,Negative,NaN
S000021_S9140Nr2,None,None,None,None,None,None,None,None,None,Negative,NaN
S000021_S9349Nr9,None,None,None,None,None,None,None,None,None,Negative,NaN
S000021_S11890Nr1,None,None,None,None,None,None,None,None,None,Negative,NaN
S000021_S5041Nr61,None,None,None,None,None,None,None,None,None,Negative,NaN
S000021_S15201Nr1,D,Insertion,88,C,CGGCA,CGGGGCCGGGGTGGAGCCCGGGGCCCGCCTGGTGTCCGGGGCCGAGGTGACACCGTGGGCTGGGGGGGCGGTGGAGCCCGGGGCGGGCCTGGTGTCCGGGGCCGAGGTGACACCGTGGGC,7,3361,0.0020827134781315083,Low_Precision,False_Positive_4bp_Insertion
S000021_S6716Nr42,None,None,None,None,None,None,None,None,None,Negative,NaN
28170_S9,None,None,None,None,None,None,None,None,None,Negative,NaN
10666_S43,None,None,None,None,None,None,None,None,None,Negative,NaN
S000021_S10659Nr1,None,None,None,None,None,None,None,None,None,Negative,NaN
S000021_S11068Nr5,None,None,None,None,None,None,None,None,None,Negative,NaN
S000021_S6265Nr35,None,None,None,None,None,None,None,None,None,Negative,NaN
S000021_S14797Nr1,None,None,None,None,None,None,None,None,None,Negative,NaN
S000021_S5041Nr66,None,None,None,None,None,None,None,None,None,Negative,NaN
S000021_S8252Nr3,None,None,None,None,None,None,None,None,None,Negative,NaN
S000021_S5041Nr68,None,None,None,None,None,None,None,None,None,Negative,NaN
S000021_S11310Nr6,None,None,None,None,None,None,None,None,None,Negative,NaN
S000021_S4078Nr2,None,None,None,None,None,None,None,None,None,Negative,NaN
S000021_S12815Nr1,None,None,None,None,None,None,None,None,None,Negative,NaN
10958_S66,None,None,None,None,None,None,None,None,None,Negative,NaN
S000021_S5041Nr27,None,None,None,None,None,None,None,None,None,Negative,NaN
S000021_S13272Nr1,None,None,None,None,None,None,None,None,None,Negative,NaN
S000021_S3673Nr11,None,None,None,None,None,None,None,None,None,Negative,NaN
28129_S23,None,None,None,None,None,None,None,None,None,Negative,NaN
10920_S22,None,None,None,None,None,None,None,None,None,Negative,NaN
S000021_S10486Nr2,None,None,None,None,None,None,None,None,None,Negative,NaN
S000021_S7596Nr1,None,None,None,None,None,None,None,None,None,Negative,NaN
S000021_S9786Nr8,None,None,None,None,None,None,None,None,None,Negative,NaN
11060_S85,None,None,None,None,None,None,None,None,None,Negative,NaN
S000021_S10522Nr1,None,None,None,None,None,None,None,None,None,Negative,NaN
10362_S20,None,None,None,None,None,None,None,None,None,Negative,NaN
S000021_S6265Nr9,5C,Insertion,61,T,TC,TGGGGCGGCGGTGGAGCCCGGGGCCGGCCTGGTGTCCGGGGCTGAGGTGACACCGTGGGCTTGGGGGGCGGTGGAGCCCGGGGCCGGCCTGGTGTCCGGGGCTGAGGTGACATCGTGGGC,10,11598,0.000862217623728229,Low_Precision,Not flagged
11239_S44,None,None,None,None,None,None,None,None,None,Negative,NaN
10267_S15,None,None,None,None,None,None,None,None,None,Negative,NaN
10965_S58,None,None,None,None,None,None,None,None,None,Negative,NaN
28131_S41,None,None,None,None,None,None,None,None,None,Negative,NaN
S000021_S14276Nr2,None,None,None,None,None,None,None,None,None,Negative,NaN
S000021_S14653Nr4,None,None,None,None,None,None,None,None,None,Negative,NaN
S000021_S14702Nr1,None,None,None,None,None,None,None,None,None,Negative,NaN
S000021_S14702Nr6,None,None,None,None,None,None,None,None,None,Negative,NaN
S000021_S6265Nr16,None,None,None,None,None,None,None,None,None,Negative,NaN
S000021_S12484Nr1,None,None,None,None,None,None,None,None,None,Negative,NaN
S000021_S6113Nr48,None,None,None,None,None,None,None,None,None,Negative,NaN
S000021_S14653Nr2,D,Insertion,28,C,CGGCT,TGGGGGGGCGGTGGAGCCCGGGGCGGGCCTGGTGTCCGGGGCCGAGGTGACACCGTGGGCTTGGGGGGCGGTGGAGCCCGGGGCCGGCCTGGTGTCCGGGGCTGAGGTGACATCGTGGGC,6,2046,0.002932551319648094,Low_Precision,Not flagged
10906_S71,None,None,None,None,None,None,None,None,None,Negative,NaN
S000021_S11310Nr1,None,None,None,None,None,None,None,None,None,Negative,NaN
S000021_S3390Nr1,D,Insertion,88,C,CGGCA,TGGGGGGGCGGTGGAGCCCGGGGCCGGCCTGGTGTCCGGTGCCGAGGTGACACCGTGGGCTGGGGGGGCGGTGGAGCCCGGGGCGGGCCTGGTGTCCGGGGCCGAGGTGACACCGTGGGC,8,11284,0.0007089684509039348,Low_Precision,False_Positive_4bp_Insertion
S000021_S12441Nr1,None,None,None,None,None,None,None,None,None,Negative,NaN
11025_S50,None,None,None,None,None,None,None,None,None,Negative,NaN
S000021_S6116Nr3,None,None,None,None,None,None,None,None,None,Negative,NaN
S000021_S5041Nr23,None,None,None,None,None,None,None,None,None,Negative,NaN
S000021_S9089Nr7,None,None,None,None,None,None,None,None,None,Negative,NaN
S000021_S13821Nr1,None,None,None,None,None,None,None,None,None,Negative,NaN
S000021_S5041Nr49,None,None,None,None,None,None,None,None,None,Negative,NaN
S000021_S10659Nr2,None,None,None,None,None,None,None,None,None,Negative,NaN
S000021_S6716Nr65,None,None,None,None,None,None,None,None,None,Negative,NaN
8142_S52,None,None,None,None,None,None,None,None,None,Negative,NaN
S000021_S6265Nr6,None,None,None,None,None,None,None,None,None,Negative,NaN
S000021_S6716Nr5,None,None,None,None,None,None,None,None,None,Negative,NaN
S000021_S6716Nr52,None,None,None,None,None,None,None,None,None,Negative,NaN
S000021_S13619Nr3,None,None,None,None,None,None,None,None,None,Negative,NaN
S000021_S11890Nr6,None,None,None,None,None,None,None,None,None,Negative,NaN
S000021_S11310Nr4,None,None,None,None,None,None,None,None,None,Negative,NaN
S000021_S6113Nr62,None,None,None,None,None,None,None,None,None,Negative,NaN
S000021_S2973Nr4,None,None,None,None,None,None,None,None,None,Negative,NaN
10967_S66,None,None,None,None,None,None,None,None,None,Negative,NaN
S000021_S6113Nr27,None,None,None,None,None,None,None,None,None,Negative,NaN
S000021_S15178Nr2,None,None,None,None,None,None,None,None,None,Negative,NaN
S000021_S6113Nr65,None,None,None,None,None,None,None,None,None,Negative,NaN
10439_S6,None,None,None,None,None,None,None,None,None,Negative,NaN
S000021_S6265Nr21,None,None,None,None,None,None,None,None,None,Negative,NaN
